{
  "mean_iou": 0.9988090690626696,
  "std_iou": 0.0021355390833512353,
  "mean_dice": 0.9994030318536725,
  "std_dice": 0.0010743953846456553,
  "num_samples": 45
}